variant,feasible,score,rank,vpub,c0,kcash,readiness,resilience,scale,margin:STRESS:c0_limit,z_vpub,z_c0,z_kcash,z_readiness,z_resilience,z_scale,z_margin:STRESS:c0_limit
FIRE:A|AGRI:C|TRANS:C|ENV:A,True,0.7366264486599828,1,1199.0,1129.8,1.3017170891251022,4.525,4.05,4.675,50.200000000000045,0.53550135501355,0.8875000000000008,0.9532662069653772,1.0,0.6111111111111113,0.4999999999999978,0.8875000000000008
FIRE:A|AGRI:C|TRANS:B|ENV:A,True,0.7365515359865104,2,1243.0,1134.8,1.2611156022635408,4.525,4.05,4.675,45.200000000000045,0.6547425474254741,0.7982142857142865,0.8630939281279035,1.0,0.6111111111111113,0.4999999999999978,0.7982142857142865
FIRE:A|AGRI:B|TRANS:B|ENV:A,True,0.7249476749408865,3,1289.0,1140.0,1.18370607028754,4.525,4.05,4.675,40.0,0.7794037940379402,0.7053571428571428,0.6911742660273846,1.0,0.6111111111111113,0.4999999999999978,0.7053571428571429
FIRE:A|AGRI:B|TRANS:C|ENV:A,True,0.7245670796032156,4,1245.0,1135.0,1.2229402261712439,4.525,4.05,4.675,45.0,0.6601626016260161,0.7946428571428572,0.7783098247905695,1.0,0.6111111111111113,0.4999999999999978,0.7946428571428571
FIRE:A|AGRI:C|TRANS:A|ENV:B,True,0.7160923375410314,5,1217.8,1133.3,1.2411003236245954,4.525,4.05,4.675,46.700000000000045,0.5864498644986448,0.8250000000000008,0.818641780535511,1.0,0.6111111111111113,0.4999999999999978,0.8250000000000008
FIRE:A|AGRI:B|TRANS:A|ENV:B,True,0.7045478125327918,6,1263.8,1138.5,1.163868904876099,4.525,4.05,4.675,41.5,0.7111111111111108,0.7321428571428572,0.6471176920175543,1.0,0.6111111111111113,0.4999999999999978,0.7321428571428571
FIRE:A|AGRI:C|TRANS:A|ENV:C,True,0.6898177769773924,7,1145.8,1127.7,1.2628992628992628,4.525,4.05,4.675,52.299999999999955,0.39132791327913263,0.9249999999999992,0.867055279216945,1.0,0.6111111111111113,0.4999999999999978,0.9249999999999992
FIRE:A|AGRI:A|TRANS:B|ENV:B,True,0.688302635188405,8,1265.6,1139.0,1.1174121405750799,4.525,4.05,4.675,41.0,0.7159891598915985,0.7232142857142857,0.54394136454162,1.0,0.6111111111111113,0.4999999999999978,0.7232142857142857
FIRE:A|AGRI:A|TRANS:C|ENV:B,True,0.6876722909871477,9,1221.6,1134.0,1.1558966074313408,4.525,4.05,4.675,46.0,0.5967479674796744,0.8125,0.6294119308808949,1.0,0.6111111111111113,0.4999999999999978,0.8125
FIRE:A|AGRI:B|TRANS:A|ENV:C,True,0.6778728801477947,10,1191.8,1132.9,1.1844660194174756,4.525,4.05,4.675,47.09999999999991,0.5159891598915987,0.8321428571428555,0.6928620452232677,1.0,0.6111111111111113,0.4999999999999978,0.8321428571428555
FIRE:A|AGRI:C|TRANS:A|ENV:A,True,0.6722914672313113,11,1282.6,1147.3,1.1390887290167866,4.525,4.05,4.675,32.700000000000045,0.7620596205962056,0.5750000000000008,0.5920831329422557,1.0,0.6111111111111113,0.4999999999999978,0.5750000000000008
FIRE:B|AGRI:C|TRANS:A|ENV:A,True,0.667806450090107,12,1181.8,1131.3,1.1572123176661264,4.525,4.05,4.675,48.700000000000045,0.48888888888888865,0.8607142857142865,0.6323340058917174,1.0,0.6111111111111113,0.4999999999999978,0.8607142857142865
FIRE:A|AGRI:B|TRANS:A|ENV:A,True,0.6614544352374874,13,1328.6,1152.5,1.0639810426540284,4.525,4.05,4.675,27.5,0.8867208672086716,0.4821428571428571,0.4252756645204033,1.0,0.6111111111111113,0.4999999999999978,0.48214285714285715
FIRE:A|AGRI:A|TRANS:B|ENV:C,True,0.6614344866435037,14,1193.6,1133.4,1.137429264349232,4.525,4.05,4.675,46.59999999999991,0.5208672086720864,0.8232142857142841,0.5883976100146378,1.0,0.6111111111111113,0.4999999999999978,0.8232142857142841
FIRE:A|AGRI:A|TRANS:C|ENV:C,True,0.6610377212564381,15,1149.6,1128.4,1.1766148814390842,4.525,4.05,4.675,51.59999999999991,0.4016260162601623,0.9124999999999984,0.6754253684485253,1.0,0.6111111111111113,0.4999999999999978,0.9124999999999984
FIRE:B|AGRI:B|TRANS:A|ENV:A,True,0.6565563488339835,16,1227.8,1136.5,1.0808646917534028,4.525,4.05,4.675,43.5,0.6135501355013547,0.7678571428571428,0.46277274238786903,1.0,0.6111111111111113,0.4999999999999978,0.7678571428571429
FLOOD:A|AGRI:C|TRANS:B|ENV:A,True,0.6454382789089723,17,1283.0,1155.8,1.2798092209856915,4.45,4.225,4.6,24.200000000000045,0.7631436314363141,0.42321428571428654,0.9046107869967112,0.6249999999999994,1.0,0.12499999999999722,0.42321428571428654
FIRE:A|AGRI:A|TRANS:B|ENV:A,True,0.6454187472703269,18,1330.4,1153.0,1.0181531176006313,4.525,4.05,4.675,27.0,0.89159891598916,0.4732142857142857,0.3234959328926426,1.0,0.6111111111111113,0.4999999999999978,0.4732142857142857
FLOOD:A|AGRI:C|TRANS:C|ENV:A,True,0.6453549461847652,19,1239.0,1150.8,1.319935691318328,4.45,4.225,4.6,29.200000000000045,0.6439024390243901,0.5125000000000008,0.9937280965163204,0.6249999999999994,1.0,0.12499999999999722,0.5125000000000008
FIRE:A|AGRI:A|TRANS:C|ENV:A,True,0.6442654627811795,20,1286.4,1148.0,1.0550678371907423,4.525,4.05,4.675,32.0,0.7723577235772359,0.5625,0.40548023064598426,1.0,0.6111111111111113,0.4999999999999978,0.5625
FIRE:B|AGRI:A|TRANS:B|ENV:A,True,0.6403085305649582,21,1229.6,1137.0,1.0344,4.525,4.05,4.675,43.0,0.6184281842818424,0.7589285714285714,0.35957880874767667,1.0,0.6111111111111113,0.4999999999999978,0.7589285714285714
FIRE:B|AGRI:A|TRANS:C|ENV:A,True,0.6393856942947157,22,1185.6,1132.0,1.0720064724919094,4.525,4.05,4.675,48.0,0.4991869918699184,0.8482142857142857,0.44309942796038476,1.0,0.6111111111111113,0.4999999999999978,0.8482142857142857
FLOOD:A|AGRI:B|TRANS:B|ENV:A,True,0.6341864477165784,23,1329.0,1161.0,1.2034564021995287,4.45,4.225,4.6,19.0,0.8878048780487803,0.3303571428571429,0.7350379905843926,0.6249999999999994,1.0,0.12499999999999722,0.33035714285714285
FLOOD:A|AGRI:B|TRANS:C|ENV:A,True,0.633661004731144,24,1285.0,1156.0,1.2422557585385225,4.45,4.225,4.6,24.0,0.7685636856368562,0.4196428571428571,0.8212078983624871,0.6249999999999994,1.0,0.12499999999999722,0.41964285714285715
FLOOD:A|AGRI:C|TRANS:A|ENV:B,True,0.6250954303391865,25,1257.8,1154.3,1.260143198090692,4.45,4.225,4.6,25.700000000000045,0.6948509485094848,0.45000000000000084,0.8609343052422734,0.6249999999999994,1.0,0.12499999999999722,0.4500000000000008
FIRE:A|AGRI:A|TRANS:A|ENV:B,True,0.6250536206770441,26,1305.2,1151.5,0.9984202211690363,4.525,4.05,4.675,28.5,0.8233062330623305,0.5,0.27967093098155865,1.0,0.6111111111111113,0.4999999999999978,0.5
FIRE:B|AGRI:A|TRANS:A|ENV:B,True,0.6198582627999419,27,1204.4,1135.5,1.0144115292233786,4.525,4.05,4.675,44.5,0.5501355013550137,0.7857142857142857,0.31518619902503653,1.0,0.6111111111111113,0.4999999999999978,0.7857142857142857
FLOOD:A|AGRI:B|TRANS:A|ENV:B,True,0.6139008602823944,28,1303.8,1159.5,1.1839622641509433,4.45,4.225,4.6,20.5,0.819512195121951,0.3571428571428571,0.6917432497339673,0.6249999999999994,1.0,0.12499999999999722,0.35714285714285715
FLOOD:A|AGRI:C|TRANS:A|ENV:C,True,0.5987746988091576,29,1185.8,1148.7,1.2818035426731078,4.45,4.225,4.6,31.299999999999955,0.49972899728997267,0.5499999999999992,0.9090399974811079,0.6249999999999994,1.0,0.12499999999999722,0.5499999999999992
FLOOD:A|AGRI:A|TRANS:B|ENV:B,True,0.5979057313259823,30,1305.6,1160.0,1.138256087981147,4.45,4.225,4.6,20.0,0.8243902439024385,0.3482142857142857,0.5902339115111976,0.6249999999999994,1.0,0.12499999999999722,0.3482142857142857
FIRE:A|AGRI:A|TRANS:A|ENV:C,True,0.5976355388060007,31,1233.2,1145.9,1.0167865707434052,4.525,4.05,4.675,34.09999999999991,0.6281842818428184,0.5999999999999983,0.32046095428029703,1.0,0.6111111111111113,0.4999999999999978,0.5999999999999984
FLOOD:A|AGRI:A|TRANS:C|ENV:B,True,0.5971387565168357,32,1261.6,1155.0,1.176330420969023,4.45,4.225,4.6,25.0,0.7051490514905145,0.4375,0.6747936071312107,0.6249999999999994,1.0,0.12499999999999722,0.4375
FIRE:B|AGRI:A|TRANS:A|ENV:C,True,0.5925892278596198,33,1132.4,1129.9,1.03322528363047,4.525,4.05,4.675,50.09999999999991,0.35501355013550157,0.8857142857142841,0.35696986852858137,1.0,0.6111111111111113,0.4999999999999978,0.8857142857142841
FIRE:C|AGRI:C|TRANS:A|ENV:A,True,0.5915445535832695,34,1069.8,1124.9,1.1158586688578471,4.525,4.05,4.675,55.09999999999991,0.18536585365853647,0.9749999999999984,0.5404912424973198,1.0,0.6111111111111113,0.4999999999999978,0.9749999999999984
FLOOD:A|AGRI:B|TRANS:A|ENV:C,True,0.5871911727599781,35,1231.8,1153.9,1.2044550517104216,4.45,4.225,4.6,26.09999999999991,0.6243902439024388,0.4571428571428555,0.7372559020235521,0.6249999999999994,1.0,0.12499999999999722,0.4571428571428555
AGRI:B|INFRA:B|TRANS:A|ENV:A,True,0.5847836382190927,36,1014.5999999999999,1126.5,1.2058584214808787,4.475,4.175,4.7,53.5,0.03577235772357704,0.9464285714285714,0.7403726610399207,0.7499999999999967,0.8888888888888892,0.6249999999999994,0.9464285714285714
FIRE:A|AGRI:A|TRANS:A|ENV:A,True,0.5829952939470788,37,1370.0,1165.5,0.9016393442622951,4.525,4.05,4.675,14.5,0.9989159891598913,0.25,0.06472924058666943,1.0,0.6111111111111113,0.4999999999999978,0.25
FLOOD:A|AGRI:C|TRANS:A|ENV:A,True,0.5817808033937185,38,1322.6,1168.3,1.1595911949685536,4.45,4.225,4.6,11.700000000000045,0.8704607046070456,0.20000000000000084,0.637617280077365,0.6249999999999994,1.0,0.12499999999999722,0.20000000000000082
FIRE:C|AGRI:B|TRANS:A|ENV:A,True,0.58011122586262,39,1115.8,1130.1,1.0389610389610389,4.525,4.05,4.675,49.90000000000009,0.31002710027100255,0.8821428571428588,0.3697084692299569,1.0,0.6111111111111113,0.4999999999999978,0.8821428571428588
AGRI:B|INFRA:A|TRANS:B|ENV:A,True,0.5797392051245697,40,1029.0,1129.5,1.1957757920389926,4.475,4.175,4.7,50.5,0.07479674796747972,0.8928571428571429,0.7179800408743421,0.7499999999999967,0.8888888888888892,0.6249999999999994,0.8928571428571429
FLOOD:B|AGRI:C|TRANS:A|ENV:A,True,0.5788673606967177,41,1214.6,1151.3,1.186602870813397,4.45,4.225,4.6,28.700000000000045,0.5777777777777774,0.5035714285714294,0.6976078014701822,0.6249999999999994,1.0,0.12499999999999722,0.5035714285714293
FIRE:B|AGRI:A|TRANS:A|ENV:A,True,0.5773030921905428,42,1269.2,1149.5,0.9161392405063291,4.525,4.05,4.675,30.5,0.7257452574525745,0.5357142857142857,0.0969322161005862,1.0,0.6111111111111113,0.4999999999999978,0.5357142857142857
FLOOD:A|AGRI:B|TRANS:A|ENV:A,True,0.5712724362751662,43,1368.6,1173.5,1.0854700854700854,4.45,4.225,4.6,6.5,0.9951219512195117,0.1071428571428571,0.47300091082399115,0.6249999999999994,1.0,0.12499999999999722,0.10714285714285714
FLOOD:A|AGRI:A|TRANS:B|ENV:C,True,0.5710090621590156,44,1233.6,1154.4,1.15818759936407,4.45,4.225,4.6,25.59999999999991,0.6292682926829265,0.4482142857142841,0.6345000195037782,0.6249999999999994,1.0,0.12499999999999722,0.44821428571428407
FLOOD:A|AGRI:A|TRANS:C|ENV:C,True,0.5704697546665323,45,1189.6,1149.4,1.1969453376205788,4.45,4.225,4.6,30.59999999999991,0.5100271002710024,0.5374999999999983,0.7205774972348815,0.6249999999999994,1.0,0.12499999999999722,0.5374999999999984
AGRI:A|INFRA:B|TRANS:B|ENV:A,True,0.5682502737803777,46,1016.4,1127.0,1.1585365853658536,4.475,4.175,4.7,53.0,0.040650406504065026,0.9375,0.6352750862684635,0.7499999999999967,0.8888888888888892,0.6249999999999994,0.9375
FLOOD:B|AGRI:B|TRANS:A|ENV:A,True,0.5679023798113272,47,1260.6,1156.5,1.1111111111111112,4.45,4.225,4.6,23.5,0.7024390243902435,0.4107142857142857,0.5299473404378862,0.6249999999999994,1.0,0.12499999999999722,0.4107142857142857
FIRE:C|AGRI:A|TRANS:B|ENV:A,True,0.563661311170392,48,1117.6,1130.6,0.991889699918897,4.525,4.05,4.675,49.40000000000009,0.31490514905149025,0.8732142857142873,0.26516722610174764,1.0,0.6111111111111113,0.4999999999999978,0.8732142857142874
FIRE:C|AGRI:A|TRANS:C|ENV:A,True,0.5627505448389815,49,1073.6,1125.6,1.029532403609516,4.525,4.05,4.675,54.40000000000009,0.19566395663956615,0.9625000000000016,0.34876831157333427,1.0,0.6111111111111113,0.4999999999999978,0.9625000000000016
AGRI:B|INFRA:A|TRANS:A|ENV:B,True,0.5592297839019188,50,1003.8,1128.0,1.175609756097561,4.475,4.175,4.7,52.0,0.006504065040650343,0.9196428571428571,0.6731930747674716,0.7499999999999967,0.8888888888888892,0.6249999999999994,0.9196428571428571
FLOOD:A|AGRI:A|TRANS:B|ENV:A,True,0.5554801080655228,51,1370.4,1174.0,1.0403726708074534,4.45,4.225,4.6,6.0,1.0,0.0982142857142857,0.3728435775796775,0.6249999999999994,1.0,0.12499999999999722,0.09821428571428571
FLOOD:A|AGRI:A|TRANS:C|ENV:A,True,0.5542054574193266,52,1326.4,1169.0,1.0769230769230769,4.45,4.225,4.6,11.0,0.8807588075880759,0.1875,0.4540187676193596,0.6249999999999994,1.0,0.12499999999999722,0.1875
FLOOD:B|AGRI:A|TRANS:B|ENV:A,True,0.5518903927322334,53,1262.3999999999999,1157.0,1.0653543307086615,4.45,4.225,4.6,23.0,0.7073170731707312,0.4017857142857143,0.4283256147305711,0.6249999999999994,1.0,0.12499999999999722,0.4017857142857143
FLOOD:B|AGRI:A|TRANS:C|ENV:A,True,0.5508830074452122,54,1218.3999999999999,1152.0,1.1027070063694266,4.45,4.225,4.6,28.0,0.5880758807588071,0.4910714285714286,0.5112825738314208,0.6249999999999994,1.0,0.12499999999999722,0.49107142857142855
FIRE:C|AGRI:A|TRANS:A|ENV:B,True,0.5431076644344428,55,1092.4,1129.1,0.9715909090909091,4.525,4.05,4.675,50.90000000000009,0.24661246612466148,0.9000000000000016,0.2200854232395534,1.0,0.6111111111111113,0.4999999999999978,0.9000000000000016
AGRI:A|INFRA:A|TRANS:B|ENV:B,True,0.5427174118061416,56,1005.5999999999999,1128.5,1.1283509341998375,4.475,4.175,4.7,51.5,0.011382113821138023,0.9107142857142857,0.568235448948934,0.7499999999999967,0.8888888888888892,0.6249999999999994,0.9107142857142857
FLOOD:A|AGRI:A|TRANS:A|ENV:B,True,0.5352279969366712,57,1345.2,1172.5,1.020979020979021,4.45,4.225,4.6,7.5,0.9317073170731707,0.125,0.329772012098135,0.6249999999999994,1.0,0.12499999999999722,0.125
FLOOD:B|AGRI:A|TRANS:A|ENV:B,True,0.5315531981351174,58,1237.1999999999998,1155.5,1.045705279747833,4.45,4.225,4.6,24.5,0.6390243902439018,0.4285714285714286,0.3846868261272658,0.6249999999999994,1.0,0.12499999999999722,0.42857142857142855
AGRI:C|INFRA:A|TRANS:A|ENV:A,True,0.5268324964369528,59,1022.6,1136.8,1.1504065040650406,4.475,4.175,4.7,43.200000000000045,0.05745257452574536,0.7625000000000008,0.6172189012689361,0.7499999999999967,0.8888888888888892,0.6249999999999994,0.7625000000000008
FIRE:C|AGRI:A|TRANS:A|ENV:C,True,0.5157503563730989,60,1020.4,1123.5,0.990139687756779,4.525,4.05,4.675,56.5,0.05149051490514903,1.0,0.26128060526962066,1.0,0.6111111111111113,0.4999999999999978,1.0
AGRI:B|INFRA:A|TRANS:A|ENV:A,True,0.5155279953633989,61,1068.6,1142.0,1.0738955823293173,4.475,4.175,4.7,38.0,0.18211382113821115,0.6696428571428572,0.44729497231555043,0.7499999999999967,0.8888888888888892,0.6249999999999994,0.6696428571428571
FLOOD:A|AGRI:A|TRANS:A|ENV:C,True,0.5077975242316037,62,1273.2,1166.9,1.0393081761006289,4.45,4.225,4.6,13.099999999999909,0.7365853658536585,0.22499999999999842,0.3704794298367121,0.6249999999999994,1.0,0.12499999999999722,0.22499999999999837
FLOOD:B|AGRI:A|TRANS:A|ENV:C,True,0.5043089043450896,63,1165.1999999999998,1149.9,1.0645933014354068,4.45,4.225,4.6,30.09999999999991,0.4439024390243897,0.5285714285714269,0.42663543663277415,0.6249999999999994,1.0,0.12499999999999722,0.5285714285714269
AGRI:A|INFRA:B|TRANS:A|ENV:A,True,0.5041460396175901,64,1056.0,1139.5,1.0369774919614148,4.475,4.175,4.7,40.5,0.14796747967479676,0.7142857142857143,0.365303188365559,0.7499999999999967,0.8888888888888892,0.6249999999999994,0.7142857142857143
FIRE:C|AGRI:A|TRANS:A|ENV:A,True,0.500277777777778,65,1157.2,1143.1,0.8724939855653568,4.525,4.05,4.675,36.90000000000009,0.4222222222222223,0.6500000000000017,0.0,1.0,0.6111111111111113,0.4999999999999978,0.6500000000000016
AGRI:A|INFRA:A|TRANS:B|ENV:A,True,0.4992323482864496,66,1070.4,1142.5,1.0272873194221508,4.475,4.175,4.7,37.5,0.18699186991869943,0.6607142857142857,0.3437821799558651,0.7499999999999967,0.8888888888888892,0.6249999999999994,0.6607142857142857
AGRI:A|INFRA:A|TRANS:C|ENV:A,True,0.4983232615706429,67,1026.4,1137.5,1.0649350649350648,4.475,4.175,4.7,42.5,0.06775067750677535,0.75,0.42739446286481136,0.7499999999999967,0.8888888888888892,0.6249999999999994,0.75
FLOOD:C|AGRI:C|TRANS:A|ENV:A,True,0.497475264295041,68,1094.6,1144.5,1.1440129449838188,4.45,4.225,4.6,35.5,0.2525745257452572,0.625,0.6030193771430941,0.6249999999999994,1.0,0.12499999999999722,0.625
FLOOD:B|AGRI:A|TRANS:A|ENV:A,True,0.48938617825608677,69,1302.0,1169.5,0.9485981308411215,4.45,4.225,4.6,10.5,0.8146341463414632,0.1785714285714286,0.16902051473860624,0.6249999999999994,1.0,0.12499999999999722,0.17857142857142858
FIRE:A|AGRI:C|INFRA:B|TRANS:A,True,0.48932218618877904,70,1168.6,1163.3,1.265923566878981,4.449999999999999,4.0,4.65,16.700000000000045,0.4531165311653113,0.28928571428571515,0.8737719884517147,0.624999999999995,0.5000000000000004,0.37500000000000056,0.2892857142857151
FLOOD:C|AGRI:B|TRANS:A|ENV:A,True,0.48631854936484537,71,1140.6,1149.7,1.067945643485212,4.45,4.225,4.6,30.299999999999955,0.37723577235772326,0.5321428571428564,0.43408068914543035,0.6249999999999994,1.0,0.12499999999999722,0.5321428571428564
FIRE:A|AGRI:C|INFRA:A|TRANS:B,True,0.4843180315628147,72,1183.0,1166.3,1.2559618441971383,4.449999999999999,4.0,4.65,13.700000000000045,0.492140921409214,0.23571428571428654,0.8516478914098616,0.624999999999995,0.5000000000000004,0.37500000000000056,0.23571428571428651
FIRE:A|AGRI:C|INFRA:A|TRANS:C,True,0.48414529202129847,73,1139.0,1161.3,1.2958199356913183,4.449999999999999,4.0,4.65,18.700000000000045,0.3728997289972899,0.32500000000000084,0.940169155480744,0.624999999999995,0.5000000000000004,0.37500000000000056,0.3250000000000008
FIRE:A|AGRI:C|INFRA:C|TRANS:A,True,0.48118432868814526,74,1108.6,1157.1,1.3048387096774194,4.449999999999999,4.0,4.65,22.90000000000009,0.2905149051490512,0.4000000000000016,0.9601990476228662,0.624999999999995,0.5000000000000004,0.37500000000000056,0.40000000000000163
AGRI:A|INFRA:A|TRANS:A|ENV:B,True,0.4787587832843632,75,1045.2,1141.0,1.0072289156626506,4.475,4.175,4.7,39.0,0.11869918699187007,0.6875,0.29923425531942416,0.7499999999999967,0.8888888888888892,0.6249999999999994,0.6875
FIRE:A|AGRI:B|INFRA:B|TRANS:A,True,0.4780849226264421,76,1214.6,1168.5,1.1896144767899293,4.449999999999999,4.0,4.65,11.5,0.5777777777777774,0.1964285714285714,0.7042963095731097,0.624999999999995,0.5000000000000004,0.37500000000000056,0.19642857142857142
FIRE:A|AGRI:B|INFRA:A|TRANS:B,True,0.473159811144239,77,1229.0,1171.5,1.1798900235663787,4.449999999999999,4.0,4.65,8.5,0.6168021680216801,0.1428571428571429,0.682699166822997,0.624999999999995,0.5000000000000004,0.37500000000000056,0.14285714285714285
FIRE:A|AGRI:B|INFRA:A|TRANS:C,True,0.47254706749963143,78,1185.0,1166.5,1.2184273232724385,4.449999999999999,4.0,4.65,13.5,0.497560975609756,0.2321428571428571,0.7682870702066044,0.624999999999995,0.5000000000000004,0.37500000000000056,0.23214285714285715
FLOOD:C|AGRI:A|TRANS:B|ENV:A,True,0.47009889562303936,79,1142.4,1150.2,1.0215654952076678,4.45,4.225,4.6,29.799999999999955,0.3821138211382116,0.523214285714285,0.3310745190200329,0.6249999999999994,1.0,0.12499999999999722,0.5232142857142849
FIRE:A|AGRI:B|INFRA:C|TRANS:A,True,0.4694680192991601,80,1154.6,1162.3,1.2270916334661355,4.449999999999999,4.0,4.65,17.700000000000045,0.4151761517615173,0.30714285714285794,0.7875297298999385,0.624999999999995,0.5000000000000004,0.37500000000000056,0.30714285714285794
FLOOD:C|AGRI:A|TRANS:C|ENV:A,True,0.46910746872743997,81,1098.4,1145.2,1.0589660743134088,4.45,4.225,4.6,34.799999999999955,0.26287262872628747,0.6124999999999992,0.4141378673970282,0.6249999999999994,1.0,0.12499999999999722,0.6124999999999992
FIRE:A|AGRI:A|INFRA:B|TRANS:B,True,0.46207634291554167,82,1216.3999999999999,1169.0,1.1438679245283019,4.449999999999999,4.0,4.65,11.0,0.5826558265582651,0.1875,0.6026972996537501,0.624999999999995,0.5000000000000004,0.37500000000000056,0.1875
FIRE:A|AGRI:A|INFRA:B|TRANS:C,True,0.46134025607892487,83,1172.4,1164.0,1.1820349761526232,4.449999999999999,4.0,4.65,16.0,0.46341463414634165,0.2767857142857143,0.6874629150906277,0.624999999999995,0.5000000000000004,0.37500000000000056,0.2767857142857143
FIRE:A|AGRI:A|INFRA:C|TRANS:B,True,0.45325536105573155,84,1156.4,1162.8,1.180732484076433,4.449999999999999,4.0,4.65,17.200000000000045,0.4200542005420056,0.29821428571428654,0.6845701964303904,0.624999999999995,0.5000000000000004,0.37500000000000056,0.29821428571428654
FIRE:A|AGRI:A|INFRA:C|TRANS:C,True,0.45282150494397727,85,1112.4,1157.8,1.2198067632850242,4.449999999999999,4.0,4.65,22.200000000000045,0.3008130081300815,0.38750000000000084,0.7713506833663532,0.624999999999995,0.5000000000000004,0.37500000000000056,0.3875000000000008
FIRE:A|INFRA:C|TRANS:C|ENV:A,True,0.4502528032882695,86,1242.4,1178.8,1.2721417069243157,4.4,4.025,4.625,1.2000000000000455,0.6531165311653118,0.012500000000000844,0.8875819225541335,0.37500000000000056,0.5555555555555569,0.2499999999999989,0.012500000000000813
FLOOD:C|AGRI:A|TRANS:A|ENV:B,True,0.4496558557872458,87,1117.2,1148.7,1.0015987210231814,4.45,4.225,4.6,31.299999999999955,0.3138211382113822,0.5499999999999992,0.28673009549221073,0.6249999999999994,1.0,0.12499999999999722,0.5499999999999992
AGRI:C|TRANS:A|ENV:A|SSA:B,True,0.44389409204411984,88,1001.4,1141.3,1.23861852433281,4.35,3.95,4.775,38.700000000000045,0.0,0.6821428571428579,0.8131299257967777,0.12499999999999722,0.3888888888888897,1.0,0.6821428571428579
AGRI:C|TRANS:B|ENV:A|SSA:A,True,0.4438080971119937,89,1023.0,1145.3,1.2392494136043783,4.35,3.95,4.775,34.700000000000045,0.058536585365853704,0.6107142857142865,0.8145310745651811,0.12499999999999722,0.3888888888888897,1.0,0.6107142857142865
AGRI:A|INFRA:A|TRANS:A|ENV:A,True,0.43612816782066466,90,1110.0,1155.0,0.9087301587301587,4.475,4.175,4.7,25.0,0.29430894308943084,0.4375,0.08047730669964538,0.7499999999999967,0.8888888888888892,0.6249999999999994,0.4375
AGRI:B|TRANS:B|ENV:A|SSA:A,True,0.4331256891511838,91,1069.0,1150.5,1.1646058732612055,4.35,3.95,4.775,29.5,0.1831978319783198,0.5178571428571428,0.6487544330300892,0.12499999999999722,0.3888888888888897,1.0,0.5178571428571429
AGRI:B|TRANS:A|ENV:A|SSA:B,True,0.4331176733025324,92,1047.4,1146.5,1.1636927851047323,4.35,3.95,4.775,33.5,0.1246612466124664,0.5892857142857143,0.6467265457231679,0.12499999999999722,0.3888888888888897,1.0,0.5892857142857143
AGRI:B|TRANS:C|ENV:A|SSA:A,True,0.4322466284467142,93,1025.0,1145.5,1.20234375,4.35,3.95,4.775,34.5,0.0639566395663957,0.6071428571428572,0.7325668893479497,0.12499999999999722,0.3888888888888897,1.0,0.6071428571428571
FLOOD:C|AGRI:A|TRANS:A|ENV:C,True,0.4223248780202255,94,1045.2,1143.1,1.0202265372168284,4.45,4.225,4.6,36.90000000000009,0.11869918699187007,0.6500000000000017,0.32810081281776227,0.6249999999999994,1.0,0.12499999999999722,0.6500000000000016
FIRE:A|AGRI:C|INFRA:A|TRANS:A,True,0.42074799479027486,95,1222.6,1178.8,1.1360062893081762,4.449999999999999,4.0,4.65,1.2000000000000455,0.5994579945799454,0.012500000000000844,0.5852373094419427,0.624999999999995,0.5000000000000004,0.37500000000000056,0.012500000000000813
AGRI:A|TRANS:B|ENV:A|SSA:B,True,0.4173284368407481,96,1049.2,1147.0,1.1186046511627907,4.35,3.95,4.775,33.0,0.12953929539295408,0.5803571428571428,0.5465898241312491,0.12499999999999722,0.3888888888888897,1.0,0.5803571428571429
AGRI:A|TRANS:C|ENV:A|SSA:B,True,0.41632064713557554,97,1005.2,1142.0,1.1559561128526645,4.35,3.95,4.775,38.0,0.010298102981029992,0.6696428571428572,0.6295440871110901,0.12499999999999722,0.3888888888888897,1.0,0.6696428571428571
FIRE:B|AGRI:C|INFRA:A|TRANS:A,True,0.4161480397210095,98,1121.8,1162.8,1.153784860557769,4.449999999999999,4.0,4.65,17.200000000000045,0.32628726287262855,0.29821428571428654,0.6247219295376643,0.624999999999995,0.5000000000000004,0.37500000000000056,0.29821428571428654
AGRI:B|TRANS:A|ENV:B|SSA:A,True,0.41293556645021384,99,1043.8,1149.0,1.145398298530549,4.35,3.95,4.775,31.0,0.11490514905149042,0.5446428571428572,0.6060961237344243,0.12499999999999722,0.3888888888888897,1.0,0.5446428571428571
FLOOD:C|AGRI:A|TRANS:A|ENV:A,True,0.4072029777748655,100,1182.0,1162.7,0.9036334913112164,4.45,4.225,4.6,17.299999999999955,0.489430894308943,0.29999999999999916,0.06915806321455442,0.6249999999999994,1.0,0.12499999999999722,0.2999999999999992
FIRE:B|AGRI:B|INFRA:A|TRANS:A,True,0.40533198976554263,101,1167.8,1168.0,1.078740157480315,4.449999999999999,4.0,4.65,12.0,0.45094850948509463,0.2053571428571429,0.4580543413715257,0.624999999999995,0.5000000000000004,0.37500000000000056,0.20535714285714285
FIRE:A|INFRA:C|TRANS:A|ENV:C,True,0.40362638633048514,102,1189.2,1176.7,1.2338709677419355,4.4,4.025,4.625,3.2999999999999545,0.5089430894308944,0.049999999999999156,0.802586026304409,0.37500000000000056,0.5555555555555569,0.2499999999999989,0.04999999999999919
AGRI:A|TRANS:B|ENV:B|SSA:A,True,0.3971974710983626,103,1045.6,1149.5,1.1004636785162287,4.35,3.95,4.775,30.5,0.11978319783197809,0.5357142857142857,0.5063003428753929,0.12499999999999722,0.3888888888888897,1.0,0.5357142857142857
AGRI:A|TRANS:A|ENV:B|SSA:B,True,0.39710656885125034,104,1024.0,1145.5,1.0993017843289372,4.35,3.95,4.775,34.5,0.06124661246612471,0.6071428571428572,0.5037198795787327,0.12499999999999722,0.3888888888888897,1.0,0.6071428571428571
AGRI:A|TRANS:C|ENV:B|SSA:A,True,0.39608469665223295,105,1001.6,1144.5,1.1375,4.35,3.95,4.775,35.5,0.0005420054200543236,0.625,0.588554707582186,0.12499999999999722,0.3888888888888897,1.0,0.625
FIRE:B|AGRI:A|INFRA:B|TRANS:A,True,0.3941935983185289,106,1155.2,1165.5,1.0425531914893618,4.449999999999999,4.0,4.65,14.5,0.4168021680216803,0.25,0.37768631941350095,0.624999999999995,0.5000000000000004,0.37500000000000056,0.25
FIRE:A|AGRI:A|INFRA:A|TRANS:C,True,0.393184983188874,107,1226.4,1179.5,1.053375196232339,4.449999999999999,4.0,4.65,0.5,0.6097560975609757,0.0,0.4017210261372113,0.624999999999995,0.5000000000000004,0.37500000000000056,0.0
FIRE:A|AGRI:A|INFRA:C|TRANS:A,True,0.38989866285395275,108,1196.0,1175.3,1.0614173228346457,4.449999999999999,4.0,4.65,4.7000000000000455,0.5273712737127371,0.07500000000000084,0.4195818716008787,0.624999999999995,0.5000000000000004,0.37500000000000056,0.07500000000000082
FLOOD:A|AGRI:C|INFRA:C|TRANS:A,True,0.38981368563685664,109,1148.6,1178.1,1.3227597145122918,4.375,4.175,4.575,1.900000000000091,0.3989159891598913,0.025000000000001577,1.0,0.2499999999999989,0.8888888888888892,0.0,0.025000000000001625
FIRE:B|AGRI:A|INFRA:A|TRANS:B,True,0.389340480427374,110,1169.6,1168.5,1.033044846577498,4.449999999999999,4.0,4.65,11.5,0.4558265582655823,0.1964285714285714,0.3565691339370456,0.624999999999995,0.5000000000000004,0.37500000000000056,0.19642857142857142
FIRE:B|AGRI:A|INFRA:A|TRANS:C,True,0.3882033161797073,111,1125.6,1163.5,1.0700079554494828,4.449999999999999,4.0,4.65,16.5,0.3365853658536582,0.2857142857142857,0.43866089996692487,0.624999999999995,0.5000000000000004,0.37500000000000056,0.2857142857142857
FIRE:B|AGRI:A|INFRA:C|TRANS:A,True,0.38497103341879263,112,1095.2,1159.3,1.0782122905027933,4.449999999999999,4.0,4.65,20.700000000000045,0.25420054200542014,0.36071428571428654,0.45688199592396905,0.624999999999995,0.5000000000000004,0.37500000000000056,0.36071428571428654
AGRI:C|TRANS:A|ENV:A|SSA:A,True,0.3809473709725341,113,1062.6,1157.8,1.1214230471771076,4.35,3.95,4.775,22.200000000000045,0.16585365853658512,0.38750000000000084,0.552849230151131,0.12499999999999722,0.3888888888888897,1.0,0.3875000000000008
AGRI:B|TRANS:A|ENV:A|SSA:A,True,0.3709812589575617,114,1108.6,1163.0,1.0489296636085628,4.35,3.95,4.775,17.0,0.2905149051490512,0.2946428571428571,0.3918478949216216,0.12499999999999722,0.3888888888888897,1.0,0.29464285714285715
FLOOD:A|AGRI:A|INFRA:C|TRANS:C,True,0.3619124074680606,115,1152.4,1178.8,1.239113222486144,4.375,4.175,4.575,1.2000000000000455,0.4092140921409216,0.012500000000000844,0.814228606245967,0.2499999999999989,0.8888888888888892,0.0,0.012500000000000813
AGRI:A|TRANS:B|ENV:A|SSA:A,True,0.35543925049742536,116,1110.4,1163.5,1.004583651642475,4.35,3.95,4.775,16.5,0.2953929539295395,0.2857142857142857,0.2933593600073555,0.12499999999999722,0.3888888888888897,1.0,0.2857142857142857
AGRI:A|TRANS:A|ENV:A|SSA:B,True,0.35523032701202034,117,1088.8,1159.5,1.0030674846625767,4.35,3.95,4.775,20.5,0.2368563685636855,0.3571428571428571,0.28999208845541136,0.12499999999999722,0.3888888888888897,1.0,0.35714285714285715
AGRI:A|TRANS:C|ENV:A|SSA:A,True,0.35383825336047475,118,1066.4,1158.5,1.0401544401544403,4.35,3.95,4.775,21.5,0.17615176151761544,0.375,0.37235890677534256,0.12499999999999722,0.3888888888888897,1.0,0.375
FIRE:C|AGRI:C|INFRA:A|TRANS:A,True,0.3401041512190103,119,1009.8,1156.4,1.1130856219709209,4.449999999999999,4.0,4.65,23.59999999999991,0.022764227642276355,0.4124999999999984,0.5343325528421872,0.624999999999995,0.5000000000000004,0.37500000000000056,0.41249999999999837
AGRI:A|TRANS:A|ENV:A|SSA:C,True,0.33668417747481416,120,1020.8,1152.9,1.0249027237354085,4.35,3.95,4.775,27.09999999999991,0.052574525745257374,0.4749999999999984,0.33848620574899096,0.12499999999999722,0.3888888888888897,1.0,0.47499999999999837
AGRI:A|TRANS:A|ENV:B|SSA:A,True,0.33528175159994306,121,1085.2,1162.0,0.985474006116208,4.35,3.95,4.775,18.0,0.22710027100271013,0.3125,0.2509185427349415,0.12499999999999722,0.3888888888888897,1.0,0.3125
FIRE:C|AGRI:B|INFRA:A|TRANS:A,True,0.329111224765333,122,1055.8,1161.6,1.037509976057462,4.449999999999999,4.0,4.65,18.40000000000009,0.14742547425474245,0.3196428571428588,0.36648578802130577,0.624999999999995,0.5000000000000004,0.37500000000000056,0.3196428571428588
FIRE:A|AGRI:C|TRANS:A|SSA:C,True,0.3194865287092106,123,1133.4,1176.7,1.2467232074016963,4.325,3.775,4.725,3.2999999999999545,0.3577235772357726,0.049999999999999156,0.8311297035898626,0.0,0.0,0.7499999999999967,0.04999999999999919
FIRE:C|AGRI:A|INFRA:B|TRANS:A,True,0.31779817378238034,124,1043.2,1159.1,1.0007987220447285,4.449999999999999,4.0,4.65,20.90000000000009,0.11327913279132806,0.3642857142857159,0.2849533691570223,0.624999999999995,0.5000000000000004,0.37500000000000056,0.36428571428571593
FIRE:C|AGRI:A|INFRA:A|TRANS:B,True,0.3129242991624473,125,1057.6,1162.1,0.9912280701754386,4.449999999999999,4.0,4.65,17.90000000000009,0.15230352303523012,0.3107142857142874,0.26369780548871147,0.624999999999995,0.5000000000000004,0.37500000000000056,0.31071428571428733
FIRE:C|AGRI:A|INFRA:A|TRANS:C,True,0.31179867057093763,126,1013.6,1157.1,1.028225806451613,4.449999999999999,4.0,4.65,22.90000000000009,0.033062330623306345,0.4000000000000016,0.3458664758929711,0.624999999999995,0.5000000000000004,0.37500000000000056,0.40000000000000163
FIRE:C|INFRA:A|TRANS:C|ENV:A,True,0.30925808937632343,127,1143.6,1178.1,1.0806451612903225,4.4,4.025,4.625,1.900000000000091,0.38536585365853626,0.025000000000001577,0.46228518482137654,0.37500000000000056,0.5555555555555569,0.2499999999999989,0.025000000000001625
AGRI:A|TRANS:A|ENV:C|SSA:A,True,0.3076148916775951,128,1013.2,1156.4,1.003093580819799,4.35,3.95,4.775,23.59999999999991,0.031978319783198005,0.4124999999999984,0.29005004569164894,0.12499999999999722,0.3888888888888897,1.0,0.41249999999999837
FIRE:C|INFRA:C|TRANS:A|ENV:A,True,0.30607486678175344,129,1113.2,1173.9,1.0889967637540454,4.4,4.025,4.625,6.099999999999909,0.3029810298102982,0.09999999999999842,0.480833348554058,0.37500000000000056,0.5555555555555569,0.2499999999999989,0.09999999999999838
FLOOD:B|AGRI:A|INFRA:C|TRANS:A,True,0.2962992855120533,130,1128.0,1179.3,1.1084053417124902,4.375,4.175,4.575,0.7000000000000455,0.3430894308943089,0.003571428571429336,0.5239380680800961,0.2499999999999989,0.8888888888888892,0.0,0.0035714285714293836
AGRI:A|TRANS:A|ENV:A|SSA:A,True,0.2942958553484682,131,1150.0,1176.0,0.891912320483749,4.35,3.95,4.775,4.0,0.40271002710027093,0.0625,0.04312638886332093,0.12499999999999722,0.3888888888888897,1.0,0.0625
FIRE:A|AGRI:A|TRANS:C|SSA:C,True,0.2923965104443365,132,1137.2,1177.4,1.1655119322555811,4.325,3.775,4.725,2.599999999999909,0.36802168021680226,0.037499999999998423,0.65076670919531,0.0,0.0,0.7499999999999967,0.037499999999998375
FIRE:C|INFRA:A|TRANS:A|ENV:C,True,0.2625080150758942,133,1090.4,1176.0,1.0420032310177707,4.4,4.025,4.625,4.0,0.24119241192411947,0.0625,0.37646490628735146,0.37500000000000056,0.5555555555555569,0.2499999999999989,0.0625
FIRE:C|AGRI:A|INFRA:A|TRANS:A,True,0.2502019349697606,134,1097.2,1174.6,0.8738170347003155,4.449999999999999,4.0,4.65,5.400000000000091,0.2596205962059622,0.08750000000000158,0.0029383740531461707,0.624999999999995,0.5000000000000004,0.37500000000000056,0.08750000000000162
FLOOD:C|AGRI:C|INFRA:A|TRANS:A,True,0.24589213213076855,135,1034.6,1176.0,1.1408114558472553,4.375,4.175,4.575,4.0,0.08997289972899708,0.0625,0.5959091554878706,0.2499999999999989,0.8888888888888892,0.0,0.0625
FIRE:B|AGRI:A|TRANS:A|SSA:C,True,0.2267503678008425,136,1120.0,1178.9,1.0305343511450382,4.325,3.775,4.725,1.099999999999909,0.3214092140921409,0.010714285714284122,0.35099354763086327,0.0,0.0,0.7499999999999967,0.01071428571428409
FLOOD:C|AGRI:A|INFRA:B|TRANS:A,True,0.22404360536915477,137,1068.0,1178.7,1.029897718332022,4.375,4.175,4.575,1.2999999999999545,0.18048780487804877,0.014285714285713458,0.34957964296948646,0.2499999999999989,0.8888888888888892,0.0,0.014285714285713473
FLOOD:C|AGRI:A|INFRA:A|TRANS:C,True,0.2179986096546661,138,1038.4,1176.7,1.057188244638602,4.375,4.175,4.575,3.2999999999999545,0.10027100271002738,0.049999999999999156,0.410189466351795,0.2499999999999989,0.8888888888888892,0.0,0.04999999999999919
FLOOD:C|AGRI:A|INFRA:C|TRANS:A,True,0.21474835941251127,139,1008.0,1172.5,1.0653386454183267,4.375,4.175,4.575,7.5,0.017886178861788674,0.125,0.4282907791005722,0.2499999999999989,0.8888888888888892,0.0,0.125
FIRE:C|AGRI:C|TRANS:A|SSA:A,True,0.19488045511506347,140,1049.8,1177.4,1.08608762490392,4.325,3.775,4.725,2.599999999999909,0.13116531165311643,0.037499999999998423,0.47437241079419507,0.0,0.0,0.7499999999999967,0.037499999999998375
FIRE:C|AGRI:A|TRANS:A|SSA:B,True,0.16950252344264063,141,1076.0,1179.1,0.96875,4.325,3.775,4.725,0.900000000000091,0.2021680216802168,0.007142857142858783,0.21377601768574128,0.0,0.0,0.7499999999999967,0.007142857142858767
FIRE:C|AGRI:A|TRANS:C|SSA:A,True,0.167955628703203,142,1053.6,1178.1,1.0053722179585571,4.325,3.775,4.725,1.900000000000091,0.1414634146341461,0.025000000000001577,0.295110695419727,0.0,0.0,0.7499999999999967,0.025000000000001625
FIRE:C|AGRI:A|TRANS:A|SSA:C,True,0.1507433741046256,143,1008.0,1172.5,0.9899458623356535,4.325,3.775,4.725,7.5,0.017886178861788674,0.125,0.260850136307262,0.0,0.0,0.7499999999999967,0.125
