variant,feasible,admitted,score,rank,gate_anchor_coverage,anchor_kcash,vpub,c0,kcash,readiness,resilience,scale,margin:STRESS:c0_limit,z_vpub,z_c0,z_kcash,z_readiness,z_resilience,z_scale,z_margin:STRESS:c0_limit
FINAL,True,True,0.6000000000000001,1,True,0.6070287539936102,1289.0,1140.0,1.18370607028754,4.525,4.05,4.675,40.0,0.0,1.0,1.0,1.0,0.0,1.0,1.0
V2,True,True,0.5002976364487419,2,True,0.639751552795031,1370.4,1174.0,1.0403726708074534,4.45,4.225,4.6,6.0,0.18048780487804897,0.6894977168949772,0.49184577174388794,0.5,1.0,0.49999999999999706,0.6894977168949772
V1,True,True,0.4456610879931963,3,True,0.6401249024199844,1370.0,1165.5,0.9016393442622951,4.525,4.05,4.675,14.5,0.17960088691796008,0.7671232876712328,0.0,1.0,0.0,1.0,0.7671232876712328
V3,True,True,0.34918307426024936,4,True,0.7738095238095238,1740.0,1249.5,0.9672619047619048,4.375,4.075,4.525,-69.5,1.0,0.0,0.23264906649689865,0.0,0.14285714285714504,0.0,0.0
V4,True,False,,,False,0.5895691609977324,1150.0,1176.0,0.891912320483749,4.35,3.95,4.775,4.0,,,,,,,
V5,True,False,,,False,0.5970149253731343,1229.0,1171.5,1.1798900235663787,4.449999999999999,4.0,4.65,8.5,,,,,,,
V6,True,False,,,False,0.5873015873015873,1110.0,1155.0,0.9087301587301587,4.475,4.175,4.7,25.0,,,,,,,
V7,True,False,,,False,0.53556827473426,1199.0,1129.8,1.3017170891251022,4.525,4.05,4.675,50.200000000000045,,,,,,,
V8,True,False,,,False,0.5804365400161682,1243.0,1134.8,1.2611156022635408,4.525,4.05,4.675,45.200000000000045,,,,,,,
